pub_year,country_primary,n_docs,n_pos,prevalence,prev_lo95,prev_hi95
2010,Australia,8556,58,0.006778868630201029,0.005247910409019189,0.008752519318239442
2010,Austria,2271,8,0.0035226772346983706,0.001786072775850109,0.006936055416318579
2010,Belgium,3523,25,0.00709622480840193,0.0048112838576782,0.01045491380086289
2010,Brazil,6998,11,0.0015718776793369534,0.0008779602243698822,0.0028127058629263233
2010,Canada,13367,68,0.005087154933792175,0.004015124756607447,0.006443563221361304
2010,China,28369,75,0.0026437308329514612,0.002109796616803913,0.003312341276715635
2010,Czechia,1463,7,0.004784688995215311,0.002319616339556705,0.009843565109540212
2010,Denmark,3013,10,0.003318951211417192,0.0018038130402937762,0.006098975073077592
2010,Finland,2211,10,0.004522840343735866,0.0024585904148619383,0.008305818353876143
2010,France,12509,61,0.00487648892797186,0.0037984953121948948,0.006258489684764729
2010,Germany,19998,81,0.004050405040504051,0.0032603168217411856,0.005030992714039533
2010,Greece,2338,11,0.004704875962360992,0.0026291779903014315,0.008405496762492201
2010,Hong Kong,592,5,0.008445945945945946,0.003612844355580295,0.019617259249646378
2010,India,9426,79,0.008381073626140462,0.006730477347337801,0.01043221404333317
2010,Iran,2381,11,0.004619907601847963,0.0025816611751732347,0.00825405233740246
2010,Ireland,1605,10,0.006230529595015576,0.003387813831995742,0.011431209316606038
2010,Israel,2995,22,0.007345575959933222,0.004855969857645268,0.011097343939579597
2010,Italy,13068,60,0.004591368227731864,0.0035689318651497175,0.005904978846728423
2010,Japan,22055,29,0.0013148945817274993,0.000915709362309002,0.001887767825563234
2010,Mexico,1482,7,0.004723346828609987,0.0022898539662287287,0.009717792418100064
2010,Netherlands,8208,32,0.003898635477582846,0.0027630431857667923,0.005498375298856127
2010,New Zealand,1645,5,0.00303951367781155,0.0012989759471460902,0.007095681250880696
2010,Norway,2121,4,0.001885902876001886,0.0007336276290493349,0.0048392393589970295
2010,Poland,2635,4,0.0015180265654648956,0.0005904843113665001,0.0038968860007499795
2010,Portugal,1863,13,0.006977992485238862,0.004082529562079823,0.011902469420932543
2010,Russia,1566,2,0.001277139208173691,0.000350307532045035,0.004644756636144811
2010,Saudi Arabia,765,6,0.00784313725490196,0.0035993942598852476,0.017004930128387108
2010,Singapore,2015,9,0.004466501240694789,0.00235163040695176,0.008467177937440378
2010,South Africa,1166,5,0.004288164665523156,0.0018329965202456798,0.00999891345039903
2010,South Korea,10643,20,0.001879169407122052,0.001216846755410666,0.0029009433882917508
2010,Spain,9644,32,0.0033181252592285357,0.0023514582217985342,0.004680317653692141
2010,Sweden,4794,17,0.0035460992907801418,0.002215249994651855,0.005671934095419251
2010,Switzerland,4734,24,0.005069708491761723,0.0034092691023518613,0.007532730386503575
2010,Taiwan,4759,10,0.002101281781886951,0.0011417993081576172,0.0038639223869326497
2010,Turkey,3829,5,0.0013058239749281796,0.0005578948916600812,0.0030533838344244894
2010,UNKNOWN,32119,184,0.005728696410224478,0.004960372387160609,0.006615236803494884
2010,United Arab Emirates,134,1,0.007462686567164179,0.001318564353840538,0.041059533430896106
2010,United Kingdom,26333,165,0.006265902100026583,0.005382199879654391,0.007293635198848709
2010,United States,110241,704,0.00638600883518836,0.005932683484757863,0.006873733941567279
2011,Australia,11467,68,0.005930060172669399,0.0046807707380500845,0.007510266800278082
2011,Austria,3298,16,0.004851425106124924,0.0029884866357205095,0.007866504213384487
2011,Belgium,4750,39,0.008210526315789474,0.0060121299044537755,0.011203727950636932
2011,Brazil,9444,32,0.0033883947479881405,0.002401276595940854,0.00477935393394129
2011,Canada,17167,103,0.005999883497407817,0.004950033172646421,0.007270769128972766
2011,China,41181,97,0.002355455185643865,0.0019314056511737184,0.0028723389260273137
2011,Czechia,1874,5,0.0026680896478121665,0.0011401702930089385,0.006230770824345409
2011,Denmark,4299,16,0.0037217957664573155,0.002292252590131347,0.006037466076871879
2011,Finland,2854,8,0.002803083391730904,0.0014210533132243434,0.00552175968273584
2011,France,16094,81,0.005032931527277246,0.004051535390304122,0.0062505575483626655
2011,Germany,26055,101,0.003876415275379006,0.003191544177324258,0.004707558288377207
2011,Greece,3134,11,0.0035098915124441607,0.001961025202806009,0.006274400060013423
2011,Hong Kong,816,11,0.013480392156862746,0.0075436372485507275,0.023976431104501247
2011,India,13984,120,0.008581235697940504,0.00718170905164911,0.010250677463350198
2011,Iran,3905,16,0.00409731113956466,0.0025236715117486746,0.006645658889159314
2011,Ireland,2336,9,0.003852739726027397,0.0020282786595988834,0.007306310544450205
2011,Israel,3779,34,0.00899708917703096,0.006445632327549366,0.012545768608161749
2011,Italy,17744,70,0.003944995491433724,0.0031239036563896244,0.004980826102124462
2011,Japan,28018,42,0.0014990363337854236,0.0011092678418173187,0.0020254818479837934
2011,Mexico,2053,7,0.0034096444227959084,0.0016526116441369716,0.007021590611064391
2011,Netherlands,11202,44,0.003927870023210141,0.00292739871768593,0.005268456913343098
2011,New Zealand,2155,7,0.0032482598607888632,0.001574347746196276,0.006690019582769299
2011,Norway,2881,7,0.0024297119055883376,0.001177456216617093,0.005007098142910036
2011,Poland,3658,4,0.0010934937124111536,0.0004253179480311537,0.0028084263180321017
2011,Portugal,2504,11,0.00439297124600639,0.0024547579543313216,0.007849505391265492
2011,Russia,1868,3,0.0016059957173447537,0.0005463304596478912,0.004711304354624512
2011,Saudi Arabia,1056,2,0.001893939393939394,0.0005195402371961345,0.006879169027696624
2011,Singapore,2529,16,0.006326611308817715,0.0038980491355347837,0.010252642648143663
2011,South Africa,1606,11,0.00684931506849315,0.0038288367216233023,0.01222333952163518
2011,South Korea,15549,15,0.0009646922631680494,0.0005847253294077284,0.0015911766696125955
2011,Spain,12860,52,0.004043545878693624,0.003085054749261161,0.005298246550425456
2011,Sweden,6345,29,0.004570527974783294,0.0031842684152633906,0.0065563211429741
2011,Switzerland,6245,24,0.003843074459567654,0.0025839653049377995,0.005712205939335991
2011,Taiwan,6444,17,0.002638112973308504,0.0016478140401183434,0.00422104285755347
2011,Turkey,5567,9,0.0016166696604993714,0.0008507859768869387,0.003069889020264713
2011,UNKNOWN,39706,244,0.00614516697728303,0.005422810637440794,0.006963072578203273
2011,United Arab Emirates,204,3,0.014705882352941176,0.005013709633402374,0.042337087827966496
2011,United Kingdom,33966,257,0.007566389919331095,0.006698893136237014,0.008545259811854833
2011,United States,138860,876,0.0063085121705314705,0.0059055147897034655,0.006738824012787311
2012,Australia,12853,60,0.004668170855053295,0.0036286588258469116,0.006003680440165441
2012,Austria,3432,16,0.004662004662004662,0.0028717233846638035,0.00755991592415233
2012,Belgium,5047,22,0.004359025163463444,0.0028804721797397285,0.006591505749233811
2012,Brazil,11041,38,0.003441717235757631,0.00250863993713732,0.004720206137147493
2012,Canada,18562,96,0.005171856480982653,0.0042373917352916644,0.006311091039112787
2012,China,49578,145,0.002924684335794102,0.0024863141386437344,0.0034400784715367264
2012,Czechia,1940,7,0.0036082474226804126,0.0017489305787235744,0.007429523116527031
2012,Denmark,4694,23,0.00489987217724755,0.0032673360642415925,0.007342102176189344
2012,Finland,3064,21,0.00685378590078329,0.004487232045772637,0.010455345475269145
2012,France,16769,91,0.0054266801836722525,0.004422387151451419,0.006657515992983401
2012,Germany,27484,98,0.003565710959103478,0.0029270283943191,0.004343148098806959
2012,Greece,3026,11,0.0036351619299405157,0.0020310558751460263,0.006497924657964906
2012,Hong Kong,793,9,0.011349306431273645,0.005982209959398313,0.021427833254240386
2012,India,16711,116,0.006941535515528694,0.0057910904857087706,0.008318613121215766
2012,Iran,5335,28,0.005248359887535145,0.003633749093036864,0.0075749483897897965
2012,Ireland,2314,8,0.003457216940363008,0.0017528639292518924,0.006807453578740805
2012,Israel,4063,31,0.007629830174747723,0.005380451662061059,0.01080937513285582
2012,Italy,19207,83,0.004321341177695632,0.003487614135943018,0.005353303071393108
2012,Japan,29187,43,0.0014732586425463391,0.001094008301660376,0.001983719311893787
2012,Mexico,2265,10,0.004415011037527594,0.0023999332885365336,0.008108275087154256
2012,Netherlands,12163,55,0.0045219107128175616,0.00347596462337301,0.005880733185667771
2012,New Zealand,2390,6,0.002510460251046025,0.0011510586564720694,0.005466530308044522
2012,Norway,3200,5,0.0015625,0.0006675855100732918,0.003652684078356669
2012,Poland,4254,12,0.0028208744710860366,0.0016144284460582125,0.004924438510346841
2012,Portugal,2804,17,0.006062767475035664,0.003788794404499277,0.009688269516548356
2012,Russia,2202,4,0.0018165304268846503,0.0007066329296416805,0.004661594588860446
2012,Saudi Arabia,1280,6,0.0046875,0.0021500407599517974,0.010189067555841109
2012,Singapore,2708,13,0.0048005908419497785,0.002807682854157884,0.008196448203588893
2012,South Africa,2041,23,0.011268985791278784,0.007520812417622766,0.01685342872742856
2012,South Korea,17632,27,0.0015313067150635208,0.0010526621758739966,0.0022271052770004617
2012,Spain,13722,53,0.0038624107272992275,0.0029543264586398485,0.005048203597548893
2012,Sweden,6732,23,0.0034165181224004755,0.0022777529542604476,0.005121687653924582
2012,Switzerland,6828,54,0.007908611599297012,0.0060667463134521805,0.010303870524603088
2012,Taiwan,6917,26,0.003758854994940003,0.002566508387128629,0.005502085461314977
2012,Turkey,6428,5,0.0007778469197261979,0.00033229403434006997,0.001819727110663715
2012,UNKNOWN,42724,274,0.006413257185656774,0.005699439886800733,0.007215826599397404
2012,United Arab Emirates,182,2,0.01098901098901099,0.003018774375770715,0.039175571656886184
2012,United Kingdom,35578,262,0.0073641014109843165,0.00652733681273355,0.008307237149144497
2012,United States,145201,972,0.0066941687729423355,0.006287598117428611,0.007126840679869286
2013,Australia,14529,82,0.005643884644504095,0.0045496082260812025,0.006999506879610873
2013,Austria,3527,21,0.005954068613552594,0.003897697860486857,0.009085456255984075
2013,Belgium,5426,45,0.008293402137854773,0.0062041208422151176,0.011078420376046443
2013,Brazil,11942,63,0.005275498241500586,0.004125841804927961,0.006743334658553434
2013,Canada,19580,122,0.006230847803881512,0.005221369085259493,0.007434036614476944
2013,China,64075,202,0.0031525555989075304,0.002747273563755802,0.003617408592409386
2013,Czechia,2183,8,0.0036646816307833257,0.0018581159134929263,0.0072149966986093245
2013,Denmark,5120,23,0.0044921875,0.002995320101891185,0.006732041531223368
2013,Finland,3115,13,0.004173354735152488,0.00244060100966213,0.007127522030480434
2013,France,18131,106,0.005846340521758315,0.004836505826406809,0.007065525923405371
2013,Germany,29446,121,0.004109216871561502,0.0034404227093122455,0.004907379745395392
2013,Greece,3077,20,0.006499837504062398,0.004211640087403743,0.010018712044210346
2013,Hong Kong,973,12,0.012332990750256937,0.007068866557895677,0.02143264570828734
2013,India,20209,173,0.008560542332624078,0.007380468820926325,0.00992741238585109
2013,Iran,7007,29,0.00413871842443271,0.0028832728159306,0.005937559773699317
2013,Ireland,2423,19,0.007841518778373916,0.005025847571744273,0.012215269959281704
2013,Israel,4235,35,0.008264462809917356,0.005948509034518658,0.011471689276280601
2013,Italy,21236,75,0.0035317385571670746,0.002818685116375741,0.0044243754836272445
2013,Japan,31007,61,0.001967297706969394,0.0015319751622431732,0.0025260075593091912
2013,Mexico,2554,9,0.003523884103367267,0.0018550523994290817,0.00668396738437106
2013,Netherlands,13044,58,0.0044464888071143824,0.003441486350165217,0.005743286410824921
2013,New Zealand,2427,15,0.006180469715698393,0.00374905736527126,0.010172648099268608
2013,Norway,3289,16,0.00486470051687443,0.00299667015750382,0.00788798957146183
2013,Poland,5031,22,0.0043728880938183265,0.002889638319435946,0.006612440189288334
2013,Portugal,3275,22,0.006717557251908397,0.004440424662472345,0.010150539683178368
2013,Russia,2331,7,0.003003003003003003,0.0014554179012134113,0.0061859826543967655
2013,Saudi Arabia,1615,7,0.0043343653250774,0.0021011398586037893,0.008919988074264574
2013,Singapore,2979,20,0.00671366230278617,0.004350319606429283,0.01034756475180524
2013,South Africa,2064,15,0.007267441860465116,0.004409127324397947,0.011956469117407689
2013,South Korea,19595,35,0.001786169941311559,0.0012846494934339908,0.0024829945775608733
2013,Spain,14899,50,0.0033559299281830995,0.002546647282809227,0.004421249350032724
2013,Sweden,7485,18,0.002404809619238477,0.0015217450768089736,0.0037983647211848213
2013,Switzerland,7217,56,0.007759456838021339,0.005980605176798367,0.010062048505784123
2013,Taiwan,7467,25,0.003348064818534887,0.0022688966477800005,0.004937983476429361
2013,Turkey,7606,12,0.0015777018143570865,0.0009027672083633971,0.002755844994184216
2013,UNKNOWN,66202,430,0.006495272046161747,0.005911332623523745,0.007136480677935372
2013,United Arab Emirates,252,1,0.003968253968253968,0.0007008380545265661,0.022131500564946744
2013,United Kingdom,38852,300,0.007721610213116442,0.00689857592682809,0.008641982098678669
2013,United States,141551,979,0.006916235137865504,0.006497677623121645,0.007361554873644691
2014,Australia,14271,85,0.005956134818863429,0.004819846962020093,0.007358323935511956
2014,Austria,3095,16,0.005169628432956382,0.0031846493544564055,0.008381434066388905
2014,Belgium,4532,38,0.008384819064430714,0.0061150961927311995,0.011487251584532752
2014,Brazil,12077,58,0.004802517181419227,0.003717175651424291,0.006202783916722614
2014,Canada,18883,102,0.005401684054440502,0.0044521143962247,0.006552449774754043
2014,China,74756,239,0.003197067793889454,0.002817127200124869,0.003628063819790585
2014,Czechia,2054,11,0.005355404089581304,0.002993015037681242,0.009564540701089481
2014,Denmark,5027,19,0.0037795902128506067,0.0024210581439178,0.005895931998423597
2014,Finland,2795,14,0.005008944543828265,0.002986108855169253,0.008390547982732057
2014,France,19352,115,0.005942538238941712,0.004953396722928506,0.0071277860723629755
2014,Germany,32629,158,0.004842318183211253,0.004145184368497062,0.005656029516732676
2014,Greece,2552,19,0.007445141065830721,0.0047715311992814185,0.011599382057599717
2014,Hong Kong,787,5,0.0063532401524777635,0.002716687685019972,0.014785504020172828
2014,India,21816,174,0.007975797579757976,0.006879005189378738,0.009245835107224876
2014,Iran,7658,27,0.003525724732306085,0.0024242964907002446,0.005124992949908601
2014,Ireland,2068,15,0.007253384912959381,0.0044005897941580075,0.011933410414505116
2014,Israel,4076,28,0.0068694798822374874,0.004757121252497137,0.009910472923574524
2014,Italy,20905,87,0.004161683807701507,0.003375445262098092,0.005130117285255251
2014,Japan,31201,45,0.0014422614659786546,0.0010781250132610083,0.0019291473981220626
2014,Mexico,2670,11,0.004119850187265918,0.0023020402933441593,0.007362503853596989
2014,Netherlands,12350,76,0.006153846153846154,0.004919835427705383,0.007694982347005709
2014,New Zealand,2049,16,0.007808687164470474,0.004812257699822665,0.012647180615147913
2014,Norway,3084,8,0.0025940337224383916,0.0013150276507879405,0.005110645132384016
2014,Poland,5158,18,0.0034897246994959287,0.002208612743214186,0.005509845705875134
2014,Portugal,2995,17,0.005676126878130217,0.0035469730586665904,0.00907171963993823
2014,Russia,2376,6,0.0025252525252525255,0.0011578439087583858,0.005498674642920346
2014,Saudi Arabia,1889,10,0.005293806246691371,0.002878040955287083,0.009717551089462498
2014,Singapore,2725,28,0.010275229357798165,0.007118676077092766,0.014810578415601516
2014,South Africa,1900,21,0.011052631578947368,0.007240432405356401,0.01683796898059195
2014,South Korea,19807,30,0.0015146160448326349,0.0010611914666991623,0.0021613601323026556
2014,Spain,15130,95,0.006278916060806345,0.005139528782753011,0.007668948123004084
2014,Sweden,7258,36,0.004960044089280794,0.003585032711826578,0.006858800198980401
2014,Switzerland,6534,43,0.006580961126415672,0.0048896183407374175,0.008852143276850027
2014,Taiwan,6732,28,0.0041592394533571005,0.0028792905044757334,0.006004745615811919
2014,Turkey,8073,7,0.0008670878236095627,0.0004200865480716425,0.001788878294392799
2014,UNKNOWN,108437,684,0.00630781006483027,0.005853761816530803,0.006796835876789724
2014,United Arab Emirates,227,3,0.013215859030837005,0.004504579766324356,0.03812839817001103
2014,United Kingdom,45353,317,0.006989614799461998,0.006263525365986799,0.007799214417156785
2014,United States,132920,946,0.0071170628949744205,0.006679178743246875,0.007583435382361425
2015,Australia,14181,105,0.007404273323460969,0.006120589319544051,0.008954761324415318
2015,Austria,2811,9,0.0032017075773745998,0.0016853624875487238,0.006074029698555008
2015,Belgium,4220,32,0.007582938388625593,0.0053765875777944516,0.010684966692671846
2015,Brazil,11865,46,0.0038769490096923725,0.0029080418738889925,0.005167005648922645
2015,Canada,18751,141,0.007519598954722415,0.0063799895554475725,0.008860952867249283
2015,China,87982,291,0.003307494714828033,0.0029491832518239564,0.003709177333326335
2015,Czechia,2021,7,0.0034636318654131617,0.0016787939579163808,0.007132492843315618
2015,Denmark,4748,21,0.0044229149115417015,0.002894754052777651,0.006752339440966771
2015,Finland,2575,14,0.005436893203883495,0.0032414427577383107,0.00910575241852322
2015,France,20560,134,0.006517509727626459,0.005506030604621983,0.007713360303689555
2015,Germany,34745,185,0.005324507123327098,0.004612070728401341,0.006146315540784555
2015,Greece,2223,13,0.005847953216374269,0.0034207962084620847,0.00998000459955672
2015,Hong Kong,690,7,0.010144927536231883,0.004922716924494813,0.02079131124992248
2015,India,20216,201,0.009942619707162644,0.008665018154634352,0.011406427986386207
2015,Iran,7649,28,0.0036606092299647014,0.0025339473168781747,0.005285561181069426
2015,Ireland,1954,10,0.00511770726714432,0.0027822236084670496,0.009395196944806465
2015,Israel,3964,46,0.01160443995963673,0.008711566623050903,0.015442991923544792
2015,Italy,21014,112,0.005329780146568954,0.004431701243622593,0.006408682116728354
2015,Japan,31781,56,0.001762059091910261,0.0013572913286737176,0.002287259139535293
2015,Mexico,2761,19,0.006881564650488953,0.004409989008408926,0.010723413555129395
2015,Netherlands,12455,64,0.00513849859494179,0.004026365546389235,0.006555794862061275
2015,New Zealand,2000,16,0.008,0.0049302968532159265,0.012956077671536958
2015,Norway,2789,15,0.005378271782000717,0.003262055680140857,0.008855158748129638
2015,Poland,5575,21,0.003766816143497758,0.00246512210027088,0.005751899150299753
2015,Portugal,2707,20,0.007388252678241596,0.004787890249901829,0.011384748204494033
2015,Russia,2694,5,0.001855976243504083,0.0007930145646186193,0.00433755334753165
2015,Saudi Arabia,1861,9,0.004836109618484685,0.0025463848585432743,0.00916584875648287
2015,Singapore,2572,15,0.00583203732503888,0.003537515228451436,0.0096005056325793
2015,South Africa,1911,24,0.012558869701726845,0.008453954850919388,0.018619544410279014
2015,South Korea,20875,42,0.0020119760479041914,0.001488921283998025,0.0027182785739990616
2015,Spain,15031,68,0.004523983766881777,0.0035704444703236362,0.00573071505328753
2015,Sweden,7150,32,0.0044755244755244755,0.003172118120864234,0.006311102776776087
2015,Switzerland,6155,39,0.006336311941510966,0.004638752378213968,0.008649697952567117
2015,Taiwan,6393,30,0.004692632566870014,0.0032891096279127766,0.006691043738661949
2015,Turkey,8486,16,0.0018854584020740043,0.0011609402507742523,0.0030607473972861145
2015,UNKNOWN,97908,679,0.0069350819136332065,0.006434256352676389,0.007474597147882589
2015,United Arab Emirates,270,4,0.014814814814814815,0.005775877859582057,0.037466145724756476
2015,United Kingdom,51547,418,0.008109104312569112,0.00737069986736186,0.008920818079858603
2015,United States,147602,1124,0.007615072966490969,0.007184222861609611,0.008071551818885784
2016,Australia,14881,116,0.0077951750554398225,0.006503674590337165,0.009340730569983538
2016,Austria,2778,11,0.003959683225341973,0.002212487913076079,0.00707684765950148
2016,Belgium,4198,34,0.008099094807050978,0.005801676216288092,0.011295936705275457
2016,Brazil,13377,81,0.006055169320475443,0.0048748774304551625,0.0075190709868449244
2016,Canada,19500,152,0.007794871794871795,0.006653792727924137,0.00912983940786066
2016,China,98023,355,0.0036215990124766635,0.0032645048760574593,0.0040175971298565625
2016,Czechia,2253,15,0.006657789613848202,0.004038886141659269,0.01095616753764432
2016,Denmark,4852,16,0.0032976092333058533,0.0020308698017130152,0.0053502317281953985
2016,Finland,2629,13,0.00494484594903005,0.0028921163196014323,0.008442200344517323
2016,France,22013,146,0.006632444464634534,0.00564290937440241,0.007794143318828934
2016,Germany,36859,193,0.005236170270490247,0.00454917677010292,0.006026281968100541
2016,Greece,2219,16,0.007210455159981974,0.004443194227833614,0.011680969139044314
2016,Hong Kong,691,7,0.010130246020260492,0.004915580658915151,0.02076144047188379
2016,India,21428,236,0.011013627030054134,0.009701262418146407,0.012501284186865557
2016,Iran,8800,30,0.003409090909090909,0.0023890841013832556,0.004862461615257343
2016,Ireland,1947,20,0.01027221366204417,0.006659490453636095,0.015813611408365947
2016,Israel,4317,39,0.009034051424600417,0.0066157744461797004,0.012325318301766546
2016,Italy,22803,112,0.004911634434065693,0.004083882685625664,0.005906166100045837
2016,Japan,33538,63,0.0018784662174250104,0.0014686248392930096,0.0024024046919895953
2016,Mexico,3039,10,0.003290556103981573,0.0017883724335806682,0.0060468891609995155
2016,Netherlands,12865,55,0.004275165176836378,0.0032862110346699074,0.005560075492752011
2016,New Zealand,1853,6,0.0032379924446842958,0.00148482003686424,0.007046580824227721
2016,Norway,3010,20,0.006644518272425249,0.004305474227081922,0.010241229512884923
2016,Poland,6146,21,0.003416856492027335,0.002235990302412741,0.00521809760012073
2016,Portugal,2757,17,0.006166122597025753,0.0038534416562472297,0.009853053042966058
2016,Russia,3006,3,0.000998003992015968,0.000339468168935716,0.0029302917022537025
2016,Saudi Arabia,1985,18,0.00906801007556675,0.005743632476365267,0.014288863650459524
2016,Singapore,2580,15,0.005813953488372093,0.0035265366740594405,0.009570806704020692
2016,South Africa,2237,23,0.010281627179257935,0.006860948957334934,0.015381346955435532
2016,South Korea,21925,48,0.0021892816419612315,0.0016517633688097433,0.002901211260888887
2016,Spain,15767,99,0.006278937020358978,0.0051605362068277965,0.007637858815259208
2016,Sweden,7510,40,0.005326231691078562,0.0039140523767254125,0.0072442159045770175
2016,Switzerland,6375,32,0.005019607843137255,0.0035579829139102625,0.007077405856707734
2016,Taiwan,6453,33,0.005113900511390051,0.003643786444561872,0.007172873568869877
2016,Turkey,9364,20,0.0021358393848782574,0.0013831013695421092,0.003296894445226224
2016,UNKNOWN,97929,766,0.007821993485075923,0.007289217956333976,0.008393380811787062
2016,United Arab Emirates,255,3,0.011764705882352941,0.004008978126298194,0.034012206213848595
2016,United Kingdom,57134,513,0.008978891728217874,0.008237737583135648,0.009786069976393917
2016,United States,164931,1255,0.0076092426529882195,0.007201177664415585,0.008040243957518223
2017,Australia,14917,127,0.008513776228464168,0.007160693444678765,0.010119931078562652
2017,Austria,2911,17,0.005839917554105119,0.003649411346845732,0.009332927265836233
2017,Belgium,4067,41,0.010081140890090975,0.007440081238063778,0.013646826638118174
2017,Brazil,14034,60,0.004275331338178709,0.0033231694780632252,0.005498803557034575
2017,Canada,20014,138,0.006895173378634956,0.005839572135023997,0.008140029981236363
2017,China,108221,392,0.0036222174993762765,0.0032814848244510863,0.003998188198867374
2017,Czechia,2246,10,0.004452359750667854,0.002420250058999722,0.00817670055155182
2017,Denmark,4904,25,0.005097879282218597,0.003455490218028949,0.00751500654158555
2017,Finland,2476,13,0.005250403877221325,0.0030709737745391835,0.008962641807839795
2017,France,22254,169,0.007594140379257662,0.006535474776651538,0.008822773661461211
2017,Germany,37634,192,0.005101769676356486,0.004430754302123155,0.005873807378041976
2017,Greece,2388,24,0.010050251256281407,0.0067630355584969845,0.014911251685547501
2017,Hong Kong,754,7,0.009283819628647215,0.004504217059042916,0.019038251636794727
2017,India,21518,235,0.010921089320568827,0.009617109179855293,0.012399662002449418
2017,Iran,9304,42,0.0045141874462596735,0.003341557721564142,0.006095803154135996
2017,Ireland,2012,22,0.010934393638170975,0.007231968692565196,0.016500780036931763
2017,Israel,4324,36,0.008325624421831638,0.006019983260089505,0.011504101099821494
2017,Italy,23466,127,0.0054120855706128014,0.004550918142819582,0.006435157722801116
2017,Japan,34955,74,0.0021170075811757973,0.0016868170632664272,0.0026566180302435728
2017,Mexico,3225,10,0.0031007751937984496,0.0016851775672162114,0.005698727503614368
2017,Netherlands,12724,73,0.005737189563030494,0.004565800881792117,0.007206930520110323
2017,New Zealand,1867,6,0.0032137118371719335,0.0014736797714928265,0.006993878367121424
2017,Norway,3193,20,0.006263701847792045,0.004058500104321641,0.00965549209248474
2017,Poland,6405,24,0.003747072599531616,0.0025193846438078815,0.005569668448517107
2017,Portugal,2846,19,0.0066760365425158116,0.004278154164295021,0.010403876196091668
2017,Russia,3219,10,0.0031065548306927616,0.0016883201971219027,0.005709331572387795
2017,Saudi Arabia,2225,18,0.008089887640449439,0.005123377301315807,0.012752034457120663
2017,Singapore,2599,19,0.007310504040015391,0.004685154419983365,0.011390146163115473
2017,South Africa,2313,21,0.009079118028534372,0.00594599451126644,0.013840192690350752
2017,South Korea,21924,60,0.002736726874657909,0.002126908810205104,0.0035207724288836457
2017,Spain,16517,84,0.005085669310407459,0.004109987023649934,0.006291508520570407
2017,Sweden,7612,43,0.005648975302154493,0.004196727119860435,0.007599928483656551
2017,Switzerland,6438,58,0.009009009009009009,0.006975932890489078,0.011627669757414874
2017,Taiwan,6212,29,0.004668383773341919,0.0032524839446117465,0.006696524444741069
2017,Turkey,7951,22,0.002766947553766822,0.0018280229444155912,0.004186108081117962
2017,UNKNOWN,97226,701,0.007210005554069899,0.006697323264106115,0.007761627174644764
2017,United Arab Emirates,305,0,0.0,8.673617379884035e-19,0.012438287383315278
2017,United Kingdom,57680,503,0.008720527045769763,0.00799380324327702,0.009512684419157858
2017,United States,173067,1340,0.007742666135080634,0.007340501411848073,0.008166683023141047
2018,Australia,16176,130,0.008036597428288822,0.006772684192132688,0.009534117051389804
2018,Austria,2956,17,0.005751014884979702,0.0035938090597119705,0.00919115234689374
2018,Belgium,4186,34,0.008122312470138558,0.005818323975027868,0.011328257709930494
2018,Brazil,15755,78,0.004950809266899397,0.003969022668297291,0.006173947501075539
2018,Canada,21253,169,0.00795181856679057,0.006843449588928677,0.009238029848311248
2018,China,130757,553,0.004229219085785082,0.0038917445193633114,0.004595822908613254
2018,Czechia,2337,20,0.008557980316645272,0.00554682511398017,0.013182106166475388
2018,Denmark,4895,27,0.005515832482124617,0.0037936633933245137,0.008013507609637153
2018,Finland,2705,12,0.0044362292051756,0.002539560182998582,0.0077384347620488925
2018,France,22685,167,0.007361692748512233,0.006329667528561467,0.008560535632929276
2018,Germany,38652,216,0.005588326606643899,0.004892707224268909,0.006382211193559025
2018,Greece,2591,13,0.005017367811655731,0.002934565260475689,0.008565736123739322
2018,Hong Kong,767,10,0.01303780964797914,0.007097042655468311,0.023832091406896516
2018,India,21484,241,0.011217650344442377,0.009894159949803537,0.012715903501742343
2018,Iran,10257,41,0.003997270156965975,0.002948054916275117,0.005417872884597476
2018,Ireland,2136,25,0.011704119850187267,0.007940257913079622,0.017221166359149942
2018,Israel,4514,42,0.00930438635356668,0.006891094463305356,0.012552141785986057
2018,Italy,25121,156,0.00620994387166116,0.00531113580701854,0.007259747847644689
2018,Japan,36761,65,0.0017681782323658226,0.0013876453872979204,0.00225282886772114
2018,Mexico,3729,14,0.0037543577366586215,0.002237755351570801,0.006292330689306411
2018,Netherlands,13258,74,0.005581535676572635,0.004448721882115073,0.007000778497766303
2018,New Zealand,1963,6,0.003056546102903719,0.0014015722773269182,0.006652690942339279
2018,Norway,3267,18,0.005509641873278237,0.0034880043198645214,0.008692793594767212
2018,Poland,7425,36,0.0048484848484848485,0.003504353995488948,0.006704702051957476
2018,Portugal,3180,31,0.009748427672955974,0.006876245935186947,0.013803633911933965
2018,Russia,4005,11,0.0027465667915106116,0.0015343593712543022,0.004911757065661631
2018,Saudi Arabia,2829,18,0.006362672322375398,0.00402852568655593,0.010035607234345347
2018,Singapore,2571,21,0.008168028004667444,0.005348643449399929,0.012454960987546658
2018,South Africa,2705,39,0.014417744916820702,0.010564830255793654,0.019647886163691508
2018,South Korea,23441,54,0.0023036559873725526,0.0017661428479747267,0.0030042651335480406
2018,Spain,17426,125,0.0071731894869734875,0.0060242706167353425,0.00853934199101061
2018,Sweden,7702,20,0.0025967281225655675,0.0016816657508727825,0.004007714059882324
2018,Switzerland,6409,48,0.007489467935715401,0.005653807776645719,0.009915181330883961
2018,Taiwan,6292,29,0.004609027336300063,0.003211106220015746,0.006611482106768132
2018,Turkey,8422,25,0.002968416053194016,0.002011518841220925,0.004378520549364753
2018,UNKNOWN,102597,778,0.007583067731025274,0.007070370375255978,0.008132638066412056
2018,United Arab Emirates,390,1,0.002564102564102564,0.0004527705502334377,0.014379235298479384
2018,United Kingdom,60953,589,0.009663183108296556,0.008916885282493164,0.010471282321615483
2018,United States,181578,1479,0.00814525988831246,0.007742117345738459,0.008569213319406178
2019,Australia,16744,142,0.008480649784997612,0.00720004000666475,0.009986739527189436
2019,Austria,3069,16,0.005213424568263278,0.00321164978402129,0.008452296859828498
2019,Belgium,4221,42,0.009950248756218905,0.00736996821296847,0.01342168981180717
2019,Brazil,17191,92,0.005351637484730382,0.004366057055102567,0.006558234353489297
2019,Canada,22047,152,0.006894362044722638,0.0058847474430384775,0.008075783695674715
2019,China,156738,681,0.004344830226237415,0.004031142243327438,0.004682813431230134
2019,Czechia,2597,13,0.0050057758952637655,0.00292778014532418,0.0085459906681514
2019,Denmark,4911,24,0.004886988393402566,0.0032863143979016914,0.007261626823610949
2019,Finland,2696,17,0.006305637982195846,0.00394070974715529,0.010075468386957625
2019,France,23221,196,0.008440635631540416,0.007342562751469866,0.00970131931431514
2019,Germany,40567,245,0.006039391623733577,0.0053307982241267956,0.006841526555529107
2019,Greece,2715,23,0.00847145488029466,0.005651644671422282,0.012680229244577592
2019,Hong Kong,741,10,0.01349527665317139,0.007346606536459237,0.024662163300872668
2019,India,23372,292,0.012493582064008215,0.011147549390974714,0.013999843050758184
2019,Iran,11495,74,0.006437581557198782,0.005131424419245893,0.008073510996592669
2019,Ireland,2223,17,0.007647323436797121,0.0047801262432316475,0.012213206924157135
2019,Israel,4529,51,0.011260763965555311,0.008575395650581942,0.014774518477725297
2019,Italy,27533,166,0.006029128681945302,0.0051811112246330955,0.00701496650355952
2019,Japan,37745,66,0.0017485759703271956,0.0013747787657923654,0.002223780913684959
2019,Mexico,4239,21,0.004953998584571833,0.003242579290296963,0.007561844882892823
2019,Netherlands,13290,74,0.005568096313017306,0.004438004740714346,0.006983935207271469
2019,New Zealand,2119,15,0.0070788107597923545,0.004294564637665689,0.011647020957470621
2019,Norway,3464,18,0.005196304849884526,0.003289491948474162,0.00819934319401905
2019,Poland,8327,39,0.004683559505223971,0.003428143614379083,0.006395769039010855
2019,Portugal,3559,42,0.011801067715650464,0.008742637679390822,0.01591225079543056
2019,Russia,4638,13,0.002802932298404485,0.0016388253190468556,0.004789972192765545
2019,Saudi Arabia,3565,23,0.0064516129032258064,0.004302962686996292,0.00966276243579019
2019,Singapore,2609,23,0.008815638175546186,0.005881534549458403,0.013194042597572196
2019,South Africa,3068,36,0.011734028683181226,0.008487876012659806,0.016201373037911408
2019,South Korea,24869,77,0.0030962242148860025,0.002478272374747791,0.003867663576398577
2019,Spain,19545,146,0.007469941161422359,0.006355822190856295,0.008777630062254417
2019,Sweden,7968,45,0.005647590361445783,0.004223631770739667,0.007547984524622091
2019,Switzerland,6789,50,0.007364854912358227,0.005591161006040073,0.00969573468410637
2019,Taiwan,7084,33,0.004658385093167702,0.00331903833631316,0.006534661020037096
2019,Turkey,9525,16,0.0016797900262467192,0.0010342721104410978,0.002727093736139996
2019,UNKNOWN,108730,835,0.007679573254851467,0.00717780301016052,0.008216129884729481
2019,United Arab Emirates,477,4,0.008385744234800839,0.0032657461069752515,0.02136078848872359
2019,United Kingdom,63799,599,0.00938886189438706,0.00866950002240436,0.010167301463880236
2019,United States,183678,1554,0.00846045797536994,0.008051753620116897,0.008889722108273664
2020,Australia,17848,192,0.010757507844016136,0.009345867233462988,0.012379704311373889
2020,Austria,3521,12,0.003408122692416927,0.001950698068014043,0.005947943373297487
2020,Belgium,4763,60,0.012597102666386731,0.00979958298731427,0.016180189969374797
2020,Brazil,19609,151,0.0077005456678055995,0.006569799547152223,0.009024139733030189
2020,Canada,23457,191,0.00814255872447457,0.0070703219504187,0.009375868161642572
2020,China,188497,1128,0.0059841801195775,0.0056459328865616255,0.0063425624502847725
2020,Czechia,2885,25,0.008665511265164644,0.005876476855365903,0.012761257194142553
2020,Denmark,5268,39,0.007403189066059226,0.005420461286106414,0.010103802760901174
2020,Finland,2881,22,0.0076362374175633465,0.005048317715570077,0.011535421634963046
2020,France,26675,257,0.009634489222118087,0.008530839238915195,0.010879353651956487
2020,Germany,44684,287,0.006422880673171605,0.005723434907942983,0.007207184248347394
2020,Greece,3233,33,0.010207237859573151,0.00727737902881748,0.01429966133884392
2020,Hong Kong,857,17,0.019836639439906652,0.012421352393727617,0.03153733295181192
2020,India,27725,565,0.020378719567177638,0.01878080896599616,0.02210952035066604
2020,Iran,12615,89,0.007055093143083631,0.005737132303357908,0.008673180989990046
2020,Ireland,2556,21,0.008215962441314555,0.00538006765625355,0.012527861236269762
2020,Israel,5193,53,0.010206046601193916,0.007811595958545282,0.013324599880998413
2020,Italy,35429,300,0.008467639504360835,0.007565373125788599,0.00947648504758048
2020,Japan,42710,113,0.002645750409740108,0.002201280402619786,0.003179679280959091
2020,Mexico,4815,31,0.006438213914849429,0.0045394767021917325,0.009123861131879152
2020,Netherlands,14270,121,0.008479327259985984,0.0071015902720907905,0.010121626023952163
2020,New Zealand,2297,17,0.007400957771005659,0.004625964692669782,0.011820826404396908
2020,Norway,3716,28,0.007534983853606028,0.005218422860673069,0.010868676410397946
2020,Poland,11407,53,0.004646269834312264,0.0035541787789248164,0.006071882473182544
2020,Portugal,4216,53,0.012571157495256167,0.009624163187382143,0.016405596435717817
2020,Russia,5870,30,0.005110732538330494,0.003582345105573661,0.007286429489086872
2020,Saudi Arabia,5342,63,0.011793335829277425,0.009229076737545062,0.015059234058962825
2020,Singapore,2978,51,0.01712558764271323,0.01304960691864409,0.022445727183576757
2020,South Africa,3680,57,0.01548913043478261,0.011974801885506405,0.020013941424423837
2020,South Korea,27610,133,0.004817095255342268,0.00406644518232114,0.005705518607037789
2020,Spain,23910,185,0.007737348389795065,0.006703076024841137,0.008929772401642078
2020,Sweden,8611,66,0.0076646150272906746,0.006029498726386463,0.009738807570371523
2020,Switzerland,7504,60,0.007995735607675906,0.0062172635680954125,0.010277685013323715
2020,Taiwan,7755,56,0.007221147646679561,0.005565402163363312,0.009364849915572897
2020,Turkey,11366,54,0.004751011789547774,0.0036433611864521037,0.006193315888224939
2020,UNKNOWN,117775,1327,0.01126724686902993,0.010680191049243582,0.011886183572041529
2020,United Arab Emirates,728,16,0.02197802197802198,0.013572793205150573,0.03540155552667704
2020,United Kingdom,70500,873,0.012382978723404256,0.011592817033234446,0.013226276829086907
2020,United States,219101,2280,0.010406159716295224,0.009989747921916417,0.010839739132930055
2021,Australia,20033,269,0.013427844057305446,0.011924722013443776,0.015117537113788208
2021,Austria,4054,34,0.008386778490379871,0.006007960536398505,0.011696392763193678
2021,Belgium,5358,68,0.01269130272489735,0.010023960438250632,0.016056903737739284
2021,Brazil,21866,210,0.009603951339979877,0.008394651007026447,0.01098552875416462
2021,Canada,26660,310,0.011627906976744186,0.010409583970774768,0.01298694948762233
2021,China,222512,1455,0.006538973178974617,0.006212497194094735,0.006882487143727957
2021,Czechia,3468,22,0.006343713956170703,0.004193095020362948,0.009586756216549459
2021,Denmark,5991,35,0.005842096478050409,0.0042037614914263235,0.008113738367063717
2021,Finland,3263,28,0.008581060373889058,0.005943680053527168,0.01237415372414763
2021,France,28782,293,0.010179973594607742,0.009083894032224468,0.011406785723115886
2021,Germany,51037,386,0.007563140466720223,0.006847680720989943,0.00835272422230701
2021,Greece,4342,38,0.008751727314601566,0.006382953753072929,0.011988967905192128
2021,Hong Kong,901,22,0.0244173140954495,0.016179284726975357,0.036693468123062345
2021,India,34881,768,0.022017717381955793,0.02052959225756387,0.02361111168223697
2021,Iran,13936,121,0.008682548794489093,0.00727190229117416,0.010363983995404327
2021,Ireland,3003,46,0.015318015318015318,0.011504000855518004,0.02037046280785182
2021,Israel,5963,68,0.011403655877913801,0.009005852117742182,0.014430577320812536
2021,Italy,40765,327,0.008021587145835889,0.0072008091137458685,0.008935078865439384
2021,Japan,48772,152,0.003116542278356434,0.0026594727059890376,0.0036518783566182825
2021,Mexico,5438,43,0.0079073188672306,0.005875953858794567,0.010633431704996508
2021,Netherlands,16202,124,0.0076533761264041475,0.0064232700249666754,0.009116895504890407
2021,New Zealand,2463,18,0.007308160779537149,0.004627787184443475,0.011523011107936795
2021,Norway,4183,36,0.008606263447286636,0.006223108444605448,0.011891133416861252
2021,Poland,14623,99,0.006770156602612323,0.005564480939711833,0.008234906945153353
2021,Portugal,5154,65,0.012611563833915405,0.009907615900997492,0.016041506399340922
2021,Russia,7097,44,0.006199802733549387,0.004621792006397094,0.008312091865437321
2021,Saudi Arabia,7358,102,0.01386246262571351,0.01143329799140337,0.01679896699056876
2021,Singapore,3280,55,0.01676829268292683,0.012905681707560016,0.021761478765399394
2021,South Africa,4000,77,0.01925,0.015430305811551068,0.023992198911496912
2021,South Korea,31152,126,0.004044684129429892,0.0033984276339357852,0.004813241409214434
2021,Spain,27807,250,0.008990541949868739,0.00794693197238852,0.010169796339005022
2021,Sweden,9339,74,0.007923760573937252,0.006316914252513493,0.009935256940795015
2021,Switzerland,8349,56,0.006707390106599593,0.005169178015239714,0.00869933120905117
2021,Taiwan,9734,73,0.007499486336552291,0.005969238425650842,0.009418305051447496
2021,Turkey,14392,74,0.005141745414118955,0.0040980272682078715,0.006449564496749851
2021,UNKNOWN,120637,1360,0.011273489891161087,0.010693093075778731,0.011885010872132184
2021,United Arab Emirates,1053,24,0.022792022792022793,0.015363299753220273,0.03368990343824314
2021,United Kingdom,79669,1086,0.013631399917157238,0.012849347847847628,0.014460352910663518
2021,United States,255373,2942,0.01152040348823094,0.011113805565028247,0.011941697139080904
2022,Australia,19906,263,0.013212096855219532,0.011717208409633043,0.014894829657900514
2022,Austria,3800,33,0.008684210526315789,0.006190381871689416,0.012170388306767782
2022,Belgium,5016,74,0.014752791068580542,0.01176838977344688,0.018479868078179782
2022,Brazil,20224,213,0.010532041139240507,0.00921513422611024,0.012034857261896728
2022,Canada,26070,313,0.012006137322593018,0.01075410145826752,0.013401965449457761
2022,China,280534,1884,0.006715763508166568,0.006420213185776388,0.007024823103113543
2022,Czechia,3201,21,0.006560449859418931,0.004295009388724043,0.010008805451952256
2022,Denmark,5830,22,0.0037735849056603774,0.002493411785716499,0.005707266816606237
2022,Finland,3266,24,0.007348438456827924,0.004943155906782605,0.01091126990363309
2022,France,27439,301,0.010969787528700025,0.009803982808797337,0.012272501498769295
2022,Germany,47981,358,0.007461286759342239,0.0067297332689355074,0.008271701286984463
2022,Greece,4375,53,0.012114285714285715,0.009273958211584703,0.015810635476873825
2022,Hong Kong,748,18,0.02406417112299465,0.015275040005995737,0.037716795378006235
2022,India,39020,870,0.02229625832906202,0.020877646075198833,0.023808919717173402
2022,Iran,15065,139,0.009226684367739794,0.007820102669684451,0.010883489082269078
2022,Ireland,2950,36,0.012203389830508475,0.008827877025538097,0.016847657656331203
2022,Israel,6051,82,0.013551479094364568,0.010931555264528636,0.01678865177345791
2022,Italy,39904,324,0.008119486768243785,0.007285095463051111,0.009048573184332465
2022,Japan,46862,146,0.003115530707182792,0.0026500629936135446,0.0036624548149195467
2022,Mexico,5511,53,0.009617129377608419,0.007360400407069277,0.012557027798415863
2022,Netherlands,15524,136,0.008760628703942282,0.007411412906940183,0.010352901569879806
2022,New Zealand,2532,28,0.011058451816745656,0.007662053417539681,0.015936211613005128
2022,Norway,4104,29,0.007066276803118908,0.00492458395555889,0.010129906204450345
2022,Poland,13759,86,0.006250454248128498,0.005064371655812194,0.007712165758123951
2022,Portugal,5347,53,0.009912100243126987,0.0075863838102881165,0.012941501320680199
2022,Russia,7896,49,0.0062056737588652485,0.004697487774452398,0.008194094841674845
2022,Saudi Arabia,9104,129,0.014169595782073814,0.011938591136377607,0.016810422557433223
2022,Singapore,3058,45,0.014715500327011119,0.011016052037255916,0.0196326474734099
2022,South Africa,4303,81,0.018824076225888914,0.0151718180887578,0.02333469774340499
2022,South Korea,29868,158,0.005289942413285121,0.004528500716301753,0.006178621550050859
2022,Spain,25778,244,0.009465435642796182,0.008354324716878572,0.010722724515864314
2022,Sweden,8874,67,0.007550146495379761,0.005950028496855967,0.00957643246328429
2022,Switzerland,8072,92,0.011397423191278493,0.009303108420381546,0.013956567958669657
2022,Taiwan,10302,73,0.00708600271791885,0.00563991263302908,0.008899556018746646
2022,Turkey,15438,85,0.005505894545925638,0.00445532968225175,0.0068024894893984255
2022,UNKNOWN,125620,1466,0.011670116223531285,0.01109097857417895,0.012279119209234706
2022,United Arab Emirates,1218,28,0.022988505747126436,0.015952224832796083,0.03302422656250388
2022,United Kingdom,76303,1097,0.014376892127439289,0.013556379484422926,0.015246299499567895
2022,United States,250725,2961,0.011809751720011965,0.011394314950351831,0.012240147779752335
2023,Australia,17825,180,0.010098176718092567,0.008732353644156346,0.011675111398429814
2023,Austria,3537,33,0.009329940627650551,0.00665119596062385,0.013073341167891186
2023,Belgium,4594,68,0.014801915542011318,0.011693300016708177,0.018721289105849827
2023,Brazil,18712,203,0.010848653270628474,0.009461561897741722,0.012436542962915645
2023,Canada,24255,261,0.010760667903525046,0.009537506172540759,0.012138774605884224
2023,China,268063,2090,0.007796674662299534,0.007470701376300068,0.008136754719546078
2023,Czechia,2863,27,0.009430667132378624,0.006489447142734477,0.013686575721288088
2023,Denmark,5626,35,0.006221116246000711,0.004476690530488584,0.008639390865551653
2023,Finland,3002,32,0.010659560293137908,0.00756085576661253,0.015009016846466305
2023,France,24980,276,0.011048839071257005,0.009825663894119591,0.012422374292355967
2023,Germany,44180,322,0.007288365776369398,0.00653691993691199,0.008125486893976217
2023,Greece,4269,57,0.013352073085031623,0.010320410850516933,0.01725876800654705
2023,Hong Kong,741,8,0.010796221322537112,0.005480553469601222,0.02115794602008758
2023,India,38446,805,0.020938459137491545,0.01955439426593091,0.022418248470427272
2023,Iran,14453,152,0.01051684771327752,0.008978963530632551,0.012314861935847042
2023,Ireland,2742,36,0.01312910284463895,0.00949856533994403,0.018121914559600903
2023,Israel,5521,65,0.011773229487411701,0.009248282941761029,0.014977110640711699
2023,Italy,36835,309,0.008388760689561557,0.007507260967767047,0.009372788300769338
2023,Japan,42393,152,0.003585497605736796,0.0030597486075055387,0.004201204053783985
2023,Mexico,5350,47,0.008785046728971962,0.006613169697042546,0.0116618314536725
2023,Netherlands,14526,119,0.008192207076965441,0.006850821475749003,0.009793644983578976
2023,New Zealand,2169,22,0.010142923005993546,0.0067077710738708855,0.015310153255803857
2023,Norway,3897,29,0.007441621760328458,0.005186410690610447,0.010666953121665608
2023,Poland,12028,95,0.007898237445959428,0.006465864595737929,0.00964484127452489
2023,Portugal,5096,66,0.012951334379905808,0.010193488718651824,0.016442919475124964
2023,Russia,7607,56,0.007361640594189562,0.005673761375740729,0.009546823555303657
2023,Saudi Arabia,8518,134,0.01573139234562104,0.013298753797090284,0.01860062618249377
2023,Singapore,2688,46,0.01711309523809524,0.012854624107573093,0.022749797730361836
2023,South Africa,3736,72,0.019271948608137045,0.015332012743043907,0.024199464847269193
2023,South Korea,27893,197,0.0070627039042053565,0.00614554994103085,0.008115615051714261
2023,Spain,24135,230,0.009529728609902631,0.008379693219941588,0.010835871023768191
2023,Sweden,8374,66,0.007881538094100788,0.006200272116617243,0.010014102372132731
2023,Switzerland,7283,73,0.010023342029383495,0.007979943524427676,0.012583349867843348
2023,Taiwan,8254,76,0.009207656893627332,0.007363291285935065,0.01150864511509992
2023,Turkey,15229,73,0.0047934861120231135,0.00381445046232814,0.006022286775813814
2023,UNKNOWN,138912,1555,0.01119413729555402,0.010654237158304486,0.011761071463957584
2023,United Arab Emirates,1225,24,0.019591836734693877,0.013200523778264216,0.028986740045374854
2023,United Kingdom,70504,980,0.013899920571882446,0.013061835155627408,0.014790974094924577
2023,United States,246001,2813,0.01143491286620786,0.011022331479557031,0.01186275251080454
2024,Australia,17195,220,0.01279441698168072,0.011220089832362537,0.014586384393438472
2024,Austria,3435,32,0.009315866084425037,0.006606689651489821,0.013121308755264143
2024,Belgium,4585,74,0.01613958560523446,0.01287626881946271,0.0202130109439128
2024,Brazil,19423,213,0.010966380064871543,0.00959540984011125,0.01253075306351022
2024,Canada,24002,255,0.010624114657111907,0.00940313299932765,0.01200171797005541
2024,China,312347,3086,0.009880037266245555,0.009539156063057613,0.010232973987806671
2024,Czechia,2893,29,0.010024196335983409,0.006988588136253265,0.01435930393854113
2024,Denmark,5566,39,0.007006827164929932,0.0051300217199781485,0.009563656623610193
2024,Finland,3012,29,0.009628154050464808,0.00671214518075317,0.013793395201623702
2024,France,24073,249,0.010343538404021102,0.009141294202633769,0.01170203193210894
2024,Germany,43161,348,0.0080628345033711,0.007261816389742678,0.00895141259867707
2024,Greece,4133,57,0.013791434793128478,0.010660482202810236,0.0178253710728644
2024,Hong Kong,608,6,0.009868421052631578,0.004530413214452468,0.02136103070833769
2024,India,43869,1044,0.023798126239485743,0.022412976559052215,0.025266667367911326
2024,Iran,15363,216,0.014059753954305799,0.01231574209227112,0.016046720030386985
2024,Ireland,2650,34,0.012830188679245283,0.009195922742283459,0.017874819777738367
2024,Israel,5199,79,0.015195229851894596,0.01220999662039397,0.018896363260381268
2024,Italy,35674,317,0.008886023434434042,0.007963679572104948,0.00991412448610552
2024,Japan,41615,153,0.0036765589330770153,0.003139102608519553,0.004305637513025238
2024,Mexico,5710,53,0.009281961471103328,0.007103637840935437,0.01212011199747272
2024,Netherlands,14178,130,0.009169135280011285,0.007727742474266739,0.010876432419861158
2024,New Zealand,2042,23,0.011263467189030362,0.007517123782659814,0.016845203320352733
2024,Norway,3853,46,0.011938749026732417,0.008962859257994815,0.015886868127480747
2024,Poland,12321,122,0.009901793685577469,0.008299839299398665,0.01180925984388629
2024,Portugal,4577,60,0.013109023377758357,0.010198331183094395,0.01683632171506031
2024,Russia,6223,45,0.007231238952273823,0.00540891512068545,0.009661559925336814
2024,Saudi Arabia,8989,191,0.021248192234953833,0.01846513874818815,0.02444026112875939
2024,Singapore,2803,38,0.013556903317873707,0.00989301706027299,0.018552287026919675
2024,South Africa,3692,70,0.01895991332611051,0.015034605265125841,0.023885207833835524
2024,South Korea,27400,209,0.007627737226277373,0.0066643524095609565,0.008729163111049116
2024,Spain,23472,237,0.010097137014314929,0.00889590280138081,0.011458701299131735
2024,Sweden,8205,75,0.009140767824497258,0.007298944114296647,0.011442002411767148
2024,Switzerland,7356,70,0.009516041326808047,0.007539301770554542,0.012004795697510017
2024,Taiwan,8136,82,0.01007866273352999,0.008127678479560991,0.012492066962632314
2024,Turkey,16527,111,0.006716282446905065,0.005580553916118912,0.008081270824217422
2024,UNKNOWN,145243,1783,0.012275978876778915,0.011722438961324813,0.012855317242983343
2024,United Arab Emirates,1325,35,0.026415094339622643,0.019053809058235754,0.03651448942503564
2024,United Kingdom,69049,960,0.01390317021245782,0.013056472332375006,0.01480395191921741
2024,United States,247851,3089,0.012463133092059342,0.012033867193341463,0.01290751148796932
2025,Australia,15834,178,0.011241631931287103,0.009713956229428744,0.013006403723428641
2025,Austria,2940,21,0.007142857142857143,0.004676675166580215,0.010895311117986299
2025,Belgium,3740,54,0.014438502673796792,0.011083246707064431,0.018790202810192655
2025,Brazil,17239,186,0.010789488949475028,0.009352616653100687,0.012444339476100968
2025,Canada,21476,205,0.009545539206556156,0.008329977787465977,0.010936526558670629
2025,China,305818,3133,0.010244655317868797,0.00989387068583936,0.010607743681900088
2025,Czechia,2255,26,0.011529933481152993,0.007880443655568316,0.016840839284690837
2025,Denmark,4904,27,0.005505709624796085,0.0037866962245349926,0.007998822787440765
2025,Finland,2549,22,0.008630835621812475,0.0057066171482678275,0.013033856787310947
2025,France,21714,234,0.010776457584968223,0.00948709554385266,0.012238887662874167
2025,Germany,37298,281,0.007533916027669044,0.006705659175844402,0.008463604235597468
2025,Greece,3564,38,0.010662177328843996,0.007778024231274465,0.014600060597384019
2025,Hong Kong,580,6,0.010344827586206896,0.004749510360019868,0.02238364125393439
2025,India,42164,1056,0.02504506213831705,0.02359624570326373,0.026580414652636494
2025,Iran,13137,175,0.013321153992540153,0.011498091222515978,0.0154287581675724
2025,Ireland,2450,29,0.01183673469387755,0.00825411634963322,0.01694778029222027
2025,Israel,4901,102,0.020812079167516834,0.01717470069552419,0.02520005505665601
2025,Italy,31014,271,0.008737989295157025,0.007761325214165069,0.009836335781857287
2025,Japan,37923,96,0.0025314452970492843,0.0020736097442623337,0.0030900540697499724
2025,Mexico,4907,42,0.008559201141226819,0.006338663644062858,0.011548588379297854
2025,Netherlands,12575,100,0.007952286282306162,0.006543123503998193,0.0096619824660555
2025,New Zealand,1893,18,0.009508716323296355,0.006023153693504388,0.014980952177032832
2025,Norway,3213,38,0.011826953003423592,0.008628881858730248,0.01619094835135549
2025,Poland,10076,83,0.008237395791980944,0.006650389608387494,0.010199226480769229
2025,Portugal,3792,46,0.012130801687763712,0.009107229170119809,0.01614183875340472
2025,Russia,4376,29,0.0066270566727605115,0.004618231564706643,0.009501334041064258
2025,Saudi Arabia,8588,176,0.020493712156497437,0.017704598752348116,0.02371160527401628
2025,Singapore,2480,34,0.013709677419354839,0.009827321837971942,0.019096206499784295
2025,South Africa,3061,74,0.024175106174452794,0.019301207598457343,0.030241798413710243
2025,South Korea,23302,156,0.0066947043172259895,0.00572591981654363,0.007826110020214563
2025,Spain,20395,171,0.008384407943123314,0.0072222912395960015,0.009731684284888908
2025,Sweden,7283,62,0.00851297542221612,0.00664680518984721,0.01089734745065556
2025,Switzerland,6362,57,0.008959446714869538,0.006922112654000804,0.011589416353277501
2025,Taiwan,7365,74,0.010047522063815343,0.008011543828672911,0.01259433562595099
2025,Turkey,19771,98,0.0049567548429517985,0.0040693701829343405,0.006036473610394964
2025,UNKNOWN,126850,1468,0.011572723689396925,0.010998774535670606,0.012176254497841365
2025,United Arab Emirates,1179,24,0.020356234096692113,0.013716956190763593,0.030110945202192853
2025,United Kingdom,62394,858,0.013751322242523319,0.012867014546124579,0.014695500736646851
2025,United States,226388,2590,0.011440535717440853,0.011010678491559636,0.011886972878812747
